region,minutes,population,households,workers,reached_station_nodes
cheongna,30,622715.7843873994,309066.72674918344,268368.6142880088,47
cheongna,60,5596149.389223353,2718089.6707135076,3371925.2822791273,296
