{
  "region": "cheongna",
  "area_sqm": 1036788.3795067412,
  "area_km2": 1.0367883795067412,
  "parcel_count": 117,
  "parcel_area_sqm": 1036981.1674661565,
  "unbuilt_parcel_count": 100,
  "unbuilt_parcel_count_ratio": 0.8547008547008547,
  "unbuilt_parcel_area_sqm": 946639.13587252,
  "unbuilt_parcel_area_ratio": 0.9128797759998039,
  "building_count": 14,
  "total_floor_area_sqm": 315592.6297,
  "office_floor_area_sqm": 206067.7077,
  "office_floor_area_ratio": 0.6529547533980322,
  "average_far_pct": 30.433786032117098,
  "lum": 0.5873043774664642,
  "population": 4658.684887239771,
  "households": 2473.487324110867,
  "businesses": 635.7270050056412,
  "workers": 1959.7857576624488,
  "job_housing_ratio_workers_per_resident": 0.4206736031943994,
  "worker_density_per_km2": 1890.2466466636417,
  "intersected_tract_count": 34,
  "tract_code_match_rate": 1.0,
  "road_length_km": 14.800020652784573,
  "road_density_km_per_km2": 14.27487127105512,
  "intersection_count": 60,
  "intersection_density_per_km2": 57.8710189909202,
  "access_30_population": 622715.7843873994,
  "access_30_households": 309066.72674918344,
  "access_30_workers": 268368.6142880088,
  "access_60_population": 5596149.389223353,
  "access_60_households": 2718089.6707135076,
  "access_60_workers": 3371925.2822791273,
  "statistics_year": 2023,
  "prom_reference_year": 2026,
  "sgis_boundary_period": "2025_Q2",
  "subway_network_cutoff": "2023-12-31"
}